"","station.id","station.name","station.latitude","station.longitude","total_count","tract"
"1","519","Pershing Square North",40.751873,-73.977706,17779,"36061008000"
"2","435","W 21 St & 6 Ave",40.74173969,-73.99415556,13043,"36061008700"
"3","3255","8 Ave & W 31 St",40.7505853470215,-73.9946848154068,12846,"36061010300"
"4","402","Broadway & E 22 St",40.7403432,-73.98955109,12647,"36061005600"
"5","497","E 17 St & Broadway",40.73704984,-73.99009296,11601,"36061005200"
"6","477","W 41 St & 8 Ave",40.75640548,-73.9900262,11109,"36061011300"
"7","285","Broadway & E 14 St",40.73454567,-73.99074142,10678,"36061006100"
"8","490","8 Ave & W 33 St",40.751551,-73.993934,10478,"36061010300"
"9","359","E 47 St & Park Ave",40.75510267,-73.97498696,10187,"36061009200"
"10","3660","W 16 St & 8 Ave",40.7410215090027,-74.001384973526,10000,"36061008100"
"11","293","Lafayette St & E 8 St",40.7302066052995,-73.9910262823105,9593,"36061005700"
"12","459","W 20 St & 11 Ave",40.746745,-74.007756,9282,"36061009900"
"13","523","W 38 St & 8 Ave",40.75466591,-73.99138152,9276,"36061011300"
"14","379","W 31 St & 7 Ave",40.749156,-73.9916,9257,"36061010100"
"15","505","6 Ave & W 33 St",40.74901271,-73.98848395,9182,"36061010100"
"16","492","W 33 St & 7 Ave",40.75019995,-73.99093085,8916,"36061010100"
"17","3641","Broadway & W 25 St",40.7428687731211,-73.9891862869263,8851,"36061005800"
"18","465","Broadway & W 41 St",40.75513557,-73.98658032,8681,"36061011300"
"19","468","Broadway & W 56 St",40.7652654,-73.98192338,8604,"36061013700"
"20","504","1 Ave & E 16 St",40.73221853,-73.98165557,8564,"36061004400"
"21","3263","Cooper Square & Astor Pl",40.7295149622495,-73.990752696991,8459,"36061004200"
"22","491","E 24 St & Park Ave S",40.74096374,-73.98602213,8345,"36061005600"
"23","3443","W 52 St & 6 Ave",40.7613298312481,-73.9798200130463,8343,"36061013100"
"24","517","Pershing Square South",40.751581,-73.97791,8335,"36061008000"
"25","472","E 32 St & Park Ave",40.7457121,-73.98194829,8305,"36061007200"
"26","3435","Grand St & Elizabeth St",40.718822,-73.99596,8105,"36061004100"
"27","368","Carmine St & 6 Ave",40.73038599,-74.00214988,8062,"36061006700"
"28","382","University Pl & E 14 St",40.73492695,-73.99200509,8040,"36061006100"
"29","358","Christopher St & Greenwich St",40.73291553,-74.00711384,7959,"36061006900"
"30","168","W 18 St & 6 Ave",40.73971301,-73.99456405,7775,"36061005400"
"31","446","W 24 St & 7 Ave",40.74487634,-73.99529885,7750,"36061009100"
"32","3711","E 13 St & Avenue A",40.7296672939298,-73.9806796610355,7693,"36061003400"
"33","229","Great Jones St",40.72743423,-73.99379025,7654,"36061005502"
"34","297","E 15 St & 3 Ave",40.734232,-73.986923,7607,"36061005000"
"35","173","Broadway & W 49 St",40.7606832709659,-73.9845272898674,7522,"36061012500"
"36","237","E 11 St & 2 Ave",40.73047309,-73.98672378,7509,"36061004000"
"37","151","Cleveland Pl & Spring St",40.722103786686,-73.997249007225,7469,"36061004500"
"38","3141","1 Ave & E 68 St",40.76500525,-73.95818491,7306,"36061011800"
"39","498","Broadway & W 32 St",40.74854862,-73.98808416,7282,"36061007600"
"40","499","Broadway & W 60 St",40.76915505,-73.98191841,7221,"36061014500"
"41","445","E 10 St & Avenue A",40.72740794,-73.98142006,7149,"36061003200"
"42","545","E 23 St & 1 Ave",40.736502,-73.97809472,7125,"36061006000"
"43","3687","E 33 St & 1 Ave",40.7432268143217,-73.9744978398085,7116,"36061007000"
"44","3233","E 48 St & 5 Ave",40.7572456791173,-73.978059142828,7050,"36061009400"
"45","486","Broadway & W 29 St",40.7462009,-73.98855723,6995,"36061007600"
"46","509","9 Ave & W 22 St",40.7454973,-74.00197139,6961,"36061008900"
"47","442","W 27 St & 7 Ave",40.746647,-73.993915,6957,"36061009500"
"48","461","E 20 St & 2 Ave",40.73587678,-73.98205027,6922,"36061006400"
"49","432","E 7 St & Avenue A",40.72621788,-73.98379855,6881,"36061003200"
"50","496","E 16 St & 5 Ave",40.73726186,-73.99238967,6876,"36061005200"
"51","507","E 25 St & 2 Ave",40.73912601,-73.97973776,6780,"36061006600"
"52","494","W 26 St & 8 Ave",40.74734825,-73.99723551,6773,"36061009700"
"53","3664","North Moore St & Greenwich St",40.7201952143746,-74.0103006362915,6601,"36061003900"
"54","487","E 20 St & FDR Drive",40.73314259,-73.97573881,6598,"36061004400"
"55","312","Allen St & Stanton St",40.722055,-73.989111,6585,"36061003601"
"56","466","W 25 St & 6 Ave",40.74395411,-73.99144871,6545,"36061005800"
"57","2003","1 Ave & E 18 St",40.7338121919663,-73.9805442094803,6511,"36061004400"
"58","3002","South End Ave & Liberty St",40.711512,-74.015756,6393,"36061031704"
"59","3427","Lafayette St & Jersey St",40.7243052725033,-73.9960098266602,6389,"36061004300"
"60","426","West St & Chambers St",40.71754834,-74.01322069,6381,"36061031703"
"61","528","2 Ave & E 31 St",40.74290902,-73.97706058,6353,"36061007000"
"62","479","9 Ave & W 45 St",40.76019252,-73.9912551,6330,"36061012100"
"63","307","Canal St & Rutgers St",40.71427487,-73.98990025,6305,"36061000600"
"64","518","E 39 St & 2 Ave",40.74780373,-73.9734419,6201,"36061007800"
"65","3258","W 27 St & 10 Ave",40.7501815632568,-74.0021842718124,6187,"36061009700"
"66","127","Barrow St & Hudson St",40.73172428,-74.00674436,6150,"36061006900"
"67","326","E 11 St & 1 Ave",40.72953837,-73.98426726,6136,"36061004000"
"68","350","Clinton St & Grand St",40.71559509,-73.9870295,6130,"36061001401"
"69","453","W 22 St & 8 Ave",40.74475148,-73.99915362,6126,"36061009300"
"70","474","5 Ave & E 29 St",40.7451677,-73.98683077,5988,"36061007400"
"71","3235","E 41 St & Madison Ave",40.752165280622,-73.9799219369888,5983,"36061008200"
"72","334","W 20 St & 7 Ave",40.74238787,-73.99726235,5933,"36061008700"
"73","387","Centre St & Chambers St",40.71273266,-74.0046073,5927,"36061003100"
"74","3164","Columbus Ave & W 72 St",40.7770575,-73.97898475,5877,"36061015700"
"75","503","E 20 St & Park Ave",40.73827428,-73.98751968,5866,"36061005000"
"76","327","Vesey Pl & River Terrace",40.7153379,-74.01658354,5785,"36061031703"
"77","2006","Central Park S & 6 Ave",40.76590936,-73.97634151,5779,"36061014300"
"78","3167","Amsterdam Ave & W 73 St",40.7796680900731,-73.9809304475784,5777,"36061015900"
"79","438","St Marks Pl & 1 Ave",40.72779126,-73.98564945,5769,"36061003800"
"80","476","E 31 St & 3 Ave",40.74394314,-73.97966069,5753,"36061007200"
"81","462","W 22 St & 10 Ave",40.74691959,-74.00451887,5740,"36061008900"
"82","439","E 4 St & 2 Ave",40.7262807,-73.98978041,5730,"36061003800"
"83","167","E 39 St & 3 Ave",40.7489006,-73.97604882,5722,"36061008000"
"84","450","W 49 St & 8 Ave",40.76227205,-73.98788205,5715,"36061012700"
"85","128","MacDougal St & Prince St",40.72710258,-74.00297088,5689,"36061003700"
"86","3186","Grove St PATH",40.7195861164717,-74.0431174635887,5647,"34017007000"
"87","223","W 13 St & 7 Ave",40.73781509,-73.99994661,5605,"36061007100"
"88","2021","W 45 St & 8 Ave",40.75929124,-73.98859651,5604,"36061012100"
"89","531","Forsyth St & Broome St",40.71893904,-73.99266288,5577,"36061001800"
"90","478","11 Ave & W 41 St",40.76030096,-73.99884222,5532,"36061011700"
"91","3140","1 Ave & E 78 St",40.77140426,-73.9535166,5502,"36061013400"
"92","3236","W 42 St & Dyer Ave",40.7589848139963,-73.9937996864319,5470,"36061012100"
"93","540","Lexington Ave & E 29 St",40.7431155537649,-73.9821535348892,5449,"36061007200"
"94","236","St Marks Pl & 2 Ave",40.7284186,-73.98713956,5445,"36061003800"
"95","380","W 4 St & 7 Ave S",40.73401143,-74.00293877,5409,"36061007300"
"96","524","W 43 St & 6 Ave",40.75527307,-73.98316936,5399,"36061009600"
"97","458","11 Ave & W 27 St",40.751396,-74.005226,5397,"36061009900"
"98","3656","E 2 St & Avenue A",40.7230774906867,-73.9858362078667,5386,"36061003002"
"99","3429","Hanson Pl & Ashland Pl",40.6850680730818,-73.9779075980186,5379,"36047003500"
"100","529","W 42 St & 8 Ave",40.7575699,-73.99098507,5319,"36061011500"
"101","515","W 43 St & 10 Ave",40.76009437,-73.99461843,5317,"36061012100"
"102","2012","E 27 St & 1 Ave",40.739445,-73.976806,5273,"36061006600"
"103","401","Allen St & Rivington St",40.72019576,-73.98997825,5234,"36061001800"
"104","526","E 33 St & 5 Ave",40.74765947,-73.98490707,5228,"36061007400"
"105","447","8 Ave & W 52 St",40.76370739,-73.9851615,5182,"36061013300"
"106","514","12 Ave & W 40 St",40.76087502,-74.00277668,5178,"36061011700"
"107","3686","Gansevoort St & Hudson St",40.739448201304,-74.0050703287125,5161,"36061007700"
"108","533","Broadway & W 38 St",40.75299641,-73.98721619,5137,"36061011300"
"109","3709","W 15 St & 6 Ave",40.7380461424828,-73.996429592371,5137,"36061008100"
"110","195","Liberty St & Broadway",40.70905623,-74.01043382,5130,"36061000700"
"111","410","Suffolk St & Stanton St",40.72066442,-73.98517977,5081,"36061003001"
"112","482","W 15 St & 7 Ave",40.73935542,-73.99931783,5080,"36061008100"
"113","536","1 Ave & E 30 St",40.74144387,-73.97536082,5039,"36061007000"
"114","304","Broadway & Battery Pl",40.70463334,-74.01361706,5037,"36061001300"
"115","281","Grand Army Plaza & Central Park S",40.7643971,-73.97371465,5032,"36061011201"
"116","3158","W 63 St & Broadway",40.77163851,-73.98261428,5028,"36061014900"
"117","470","W 20 St & 8 Ave",40.74345335,-74.00004031,4969,"36061008900"
"118","305","E 58 St & 3 Ave",40.76095756,-73.96724467,4959,"36061011203"
"119","448","W 37 St & 10 Ave",40.75660359,-73.9979009,4956,"36061009900"
"120","3458","W 55 St & 6 Ave",40.763093872708,-73.9783501625061,4939,"36061013700"
"121","480","W 53 St & 10 Ave",40.76669671,-73.99061728,4932,"36061013500"
"122","3474","6 Ave & Spring St",40.7252556952547,-74.0041208267212,4907,"36061004700"
"123","325","E 19 St & 3 Ave",40.73624527,-73.98473765,4904,"36061004800"
"124","3142","1 Ave & E 62 St",40.7612274,-73.96094022,4900,"36061011000"
"125","3260","Mercer St & Bleecker St",40.7270636334831,-73.9966213703155,4889,"36061005501"
"126","403","E 2 St & 2 Ave",40.72502876,-73.99069656,4823,"36061003602"
"127","174","E 25 St & 1 Ave",40.7381765,-73.97738662,4804,"36061006200"
"128","530","11 Ave & W 59 St",40.7714967105444,-73.9904603362083,4768,"36061014700"
"129","3093","N 6 St & Bedford Ave",40.71745169,-73.95850939,4766,"36047055300"
"130","319","Fulton St & Broadway",40.711066,-74.009447,4752,"36061001300"
"131","347","Greenwich St & W Houston St",40.728846,-74.008591,4734,"36061003700"
"132","500","Broadway & W 51 St",40.76228826,-73.98336183,4730,"36061013100"
"133","267","Broadway & W 36 St",40.75097711,-73.98765428,4689,"36061010900"
"134","301","E 2 St & Avenue B",40.72217444,-73.98368779,4652,"36061003002"
"135","495","W 47 St & 10 Ave",40.76269882,-73.99301222,4644,"36061012700"
"136","3680","E 43 St & 5 Ave",40.7541208107793,-73.9802518486977,4627,"36061009400"
"137","3718","E 11 St & Avenue B",40.7274642069239,-73.9795041829348,4601,"36061003400"
"138","3147","E 85 St & 3 Ave",40.77801203,-73.95407149,4595,"36061014601"
"139","388","W 26 St & 10 Ave",40.749717753,-74.002950346,4590,"36061009900"
"140","254","W 11 St & 6 Ave",40.73532427,-73.99800419,4587,"36061006300"
"141","251","Mott St & Prince St",40.72317958,-73.99480012,4578,"36061004300"
"142","394","E 9 St & Avenue C",40.72521311,-73.97768752,4556,"36061002800"
"143","417","Barclay St & Church St",40.71291224,-74.01020234,4550,"36061002100"
"144","3463","E 16 St & Irving Pl",40.7353670556054,-73.9879739284515,4549,"36061005000"
"145","539","Metropolitan Ave & Bedford Ave",40.71534825,-73.96024116,4544,"36047055300"
"146","502","Henry St & Grand St",40.714215,-73.981346,4541,"36061000202"
"147","161","LaGuardia Pl & W 3 St",40.72917025,-73.99810231,4536,"36061006500"
"148","484","W 44 St & 5 Ave",40.75500254,-73.98014437,4535,"36061009600"
"149","377","6 Ave & Canal St",40.72243797,-74.00566443,4507,"36061003700"
"150","212","W 16 St & The High Line",40.74334935,-74.00681753,4503,"36061008300"
"151","405","Washington St & Gansevoort St",40.739323,-74.008119,4355,"36061007900"
"152","485","W 37 St & 5 Ave",40.75038009,-73.98338988,4353,"36061008400"
"153","265","Stanton St & Chrystie St",40.72229346,-73.99147535,4325,"36061003601"
"154","469","Broadway & W 53 St",40.76344058,-73.98268129,4316,"36061013100"
"155","412","Forsyth St & Canal St",40.7158155,-73.99422366,4301,"36061001600"
"156","3165","Central Park West & W 72 St",40.7757937668367,-73.9762057363987,4275,"36061014300"
"157","317","E 6 St & Avenue B",40.72453734,-73.98185424,4252,"36061003200"
"158","361","Allen St & Hester St",40.71605866,-73.99190759,4251,"36061001600"
"159","455","1 Ave & E 44 St",40.75001986,-73.96905301,4228,"36061008800"
"160","3159","W 67 St & Broadway",40.77492513,-73.98266566,4180,"36061015300"
"161","311","Norfolk St & Broome St",40.7172274,-73.98802084,4177,"36061001800"
"162","383","Greenwich Ave & Charles St",40.735238,-74.000271,4129,"36061007100"
"163","355","Bayard St & Baxter St",40.71602118,-73.99974372,4117,"36061002900"
"164","456","E 53 St & Madison Ave",40.7597108,-73.97402311,4116,"36061010200"
"165","520","W 52 St & 5 Ave",40.75992262,-73.97648516,4107,"36061010400"
"166","268","Howard St & Centre St",40.71910537,-73.99973337,4089,"36061004500"
"167","3259","9 Ave & W 28 St",40.7493702419328,-73.9992338418961,4065,"36061009700"
"168","335","Washington Pl & Broadway",40.72903917,-73.99404649,4048,"36061005700"
"169","3156","E 72 St & York Ave",40.76663814,-73.95348296,4040,"36061012400"
"170","440","E 45 St & 3 Ave",40.75255434,-73.97282625,4021,"36061009000"
"171","257","Lispenard St & Broadway",40.71939226,-74.00247214,3991,"36061003300"
"172","3467","W Broadway & Spring Street",40.7249467235942,-74.0016585588455,3982,"36061004900"
"173","316","Fulton St & William St",40.70955958,-74.00653609,3978,"36061001502"
"174","522","E 51 St & Lexington Ave",40.75714758,-73.97207836,3973,"36061010000"
"175","508","W 46 St & 11 Ave",40.76341379,-73.99667444,3942,"36061012900"
"176","546","E 30 St & Park Ave S",40.74444921,-73.98303529,3899,"36061007200"
"177","336","Sullivan St & Washington Sq",40.73047747,-73.99906065,3893,"36061006500"
"178","3459","E 53 St & 3 Ave",40.7576322773944,-73.9693057537079,3881,"36061009800"
"179","164","E 47 St & 2 Ave",40.75323098,-73.97032517,3866,"36061009000"
"180","501","FDR Drive & E 35 St",40.744219,-73.97121214,3864,"36061008601"
"181","346","Bank St & Hudson St",40.73652889,-74.00618026,3820,"36061007900"
"182","296","Division St & Bowery",40.71413089,-73.9970468,3812,"36061001600"
"183","513","W 56 St & 10 Ave",40.768254,-73.988639,3812,"36061013900"
"184","3461","Murray St & Greenwich St",40.7148515052625,-74.0112233161926,3786,"36061002100"
"185","3175","W 70 St & Amsterdam Ave",40.77748046,-73.98288594,3758,"36061015900"
"186","3409","Bergen St & Smith St",40.6867443,-73.99063168,3748,"36047006900"
"187","3701","Cliff St & Fulton St",40.708317943664,-74.0050408244133,3734,"36061001502"
"188","460","S 4 St & Wythe Ave",40.71285887,-73.96590294,3711,"36047054900"
"189","3223","E 55 St & 3 Ave",40.7589965596051,-73.9686539769173,3708,"36061010000"
"190","324","DeKalb Ave & Hudson Ave",40.689888,-73.981013,3686,"36047003300"
"191","493","W 45 St & 6 Ave",40.7568001,-73.98291153,3685,"36061011900"
"192","385","E 55 St & 2 Ave",40.75797322,-73.96603308,3675,"36061010800"
"193","423","W 54 St & 9 Ave",40.76584941,-73.98690506,3642,"36061013300"
"194","3697","W 64 St & Thelonious Monk Circle",40.7751595343424,-73.9891869574785,3641,"36061015100"
"195","391","Clark St & Henry St",40.69760127,-73.99344559,3622,"36047000501"
"196","328","Watts St & Greenwich St",40.72405549,-74.00965965,3620,"36061003900"
"197","2008","Little West St & 1 Pl",40.70569254,-74.01677685,3618,"36061031704"
"198","3440","Fulton St & Adams St",40.6924182925785,-73.989494740963,3614,"36047001100"
"199","3163","Central Park West & W 68 St",40.7734066,-73.97782542,3603,"36061014300"
"200","239","Willoughby St & Fleet St",40.69196566,-73.9813018,3566,"36047003100"
"201","302","Avenue D & E 3 St",40.72082834,-73.97793172,3547,"36061002000"
"202","3137","5 Ave & E 73 St",40.77282817,-73.96685276,3508,"36061014300"
"203","303","Mercer St & Spring St",40.72362738,-73.99949601,3469,"36061004900"
"204","363","West Thames St",40.70834698,-74.01713445,3457,"36061031704"
"205","3402","Court St & State St",40.6902375,-73.99203074,3437,"36047000900"
"206","3674","Jay St & York St",40.7014031725772,-73.9867267012596,3422,"36047002100"
"207","2010","Grand St & Greene St",40.72165481,-74.00234737,3422,"36061004700"
"208","146","Hudson St & Reade St",40.71625008,-74.0091059,3417,"36061003300"
"209","252","MacDougal St & Washington Sq",40.73226398,-73.99852205,3412,"36061006300"
"210","3507","Park Ave & E 124 St",40.8045555,-73.9396861,3379,"36061019800"
"211","2002","Wythe Ave & Metropolitan Ave",40.716887,-73.963198,3373,"36047055500"
"212","72","W 52 St & 11 Ave",40.76727216,-73.99392888,3359,"36061013500"
"213","3715","Driggs Ave & N 9 St",40.7181696945421,-73.9552013576031,3353,"36047051900"
"214","3431","E 35 St & 3 Ave",40.746524,-73.977885,3350,"36061008000"
"215","3684","W 12 St & W 4 St",40.7375612118114,-74.0039826929569,3332,"36061007700"
"216","309","Murray St & West St",40.7149787,-74.013012,3332,"36061002100"
"217","280","E 10 St & 5 Ave",40.73331967,-73.99510132,3325,"36061006100"
"218","369","Washington Pl & 6 Ave",40.73224119,-74.00026394,3320,"36061006500"
"219","357","E 11 St & Broadway",40.73261787,-73.99158043,3316,"36061006100"
"220","315","South St & Gouverneur Ln",40.70355377,-74.00670227,3281,"36061000700"
"221","228","E 48 St & 3 Ave",40.7546011026,-73.971878855,3255,"36061009200"
"222","3282","5 Ave & E 88 St",40.78307,-73.95939,3232,"36061014300"
"223","3301","Columbus Ave & W 95 St",40.7919557,-73.968087,3224,"36061018100"
"224","295","Pike St & E Broadway",40.71406667,-73.99293911,3224,"36061000800"
"225","3168","Central Park West & W 85 St",40.78472675,-73.96961715,3223,"36061014300"
"226","3016","Kent Ave & N 7 St",40.7203677529846,-73.9616507291794,3194,"36047055700"
"227","3244","University Pl & E 8 St",40.7314372408523,-73.9949034154415,3169,"36061005900"
"228","2009","Catherine St & Monroe St",40.71117444,-73.99682619,3133,"36061002500"
"229","3360","Amsterdam Ave & W 79 St",40.7829391,-73.9786517,3127,"36061016700"
"230","3143","5 Ave & E 78 St",40.7763214218227,-73.9642739295959,3126,"36061014300"
"231","3472","W 15 St & 10 Ave",40.742753828659,-74.0074735879898,3094,"36061008300"
"232","441","E 52 St & 2 Ave",40.756014,-73.967416,3081,"36061009800"
"233","525","W 34 St & 11 Ave",40.75594159,-74.0021163,3079,"36061009900"
"234","3171","Amsterdam Ave & W 82 St",40.78524672,-73.97667321,3075,"36061016900"
"235","422","W 59 St & 10 Ave",40.770513,-73.988038,3064,"36061014700"
"236","3092","Berry St & N 8 St",40.7190095,-73.95852515,3041,"36047055300"
"237","238","Bank St & Washington St",40.7361967,-74.00859207,3025,"36061007900"
"238","3372","E 74 St & 1 Ave",40.7689738,-73.95482273,3011,"36061012400"
"239","3423","West Drive & Prospect Park West",40.6610633719006,-73.9794525504112,2994,"36047017700"
"240","150","E 2 St & Avenue C",40.7208736,-73.98085795,2976,"36061002202"
"241","3155","Lexington Ave & E 63 St",40.76440023,-73.96648977,2965,"36061011402"
"242","2023","E 55 St & Lexington Ave",40.75968085,-73.97031366,2960,"36061010000"
"243","2000","Front St & Washington St",40.70255088,-73.98940236,2958,"36047002100"
"244","342","Columbia St & Rivington St",40.71739973,-73.98016555,2949,"36061002201"
"245","3132","E 59 St & Madison Ave",40.76350532,-73.97109243,2939,"36061011401"
"246","366","Clinton Ave & Myrtle Ave",40.693261,-73.968896,2933,"36047018700"
"247","3658","W 18 St & 9 Ave",40.7435337324616,-74.0036755800247,2927,"36061008900"
"248","3659","W 17 St & 9 Ave",40.7429489166009,-74.0041369199753,2926,"36061008300"
"249","3457","E 58 St & Madison Ave",40.7630259428052,-73.9720952510834,2917,"36061011202"
"250","473","Rivington St & Chrystie St",40.72110063,-73.9919254,2893,"36061001800"
"251","330","Reade St & Broadway",40.71450451,-74.00562789,2893,"36061003100"
"252","393","E 5 St & Avenue C",40.72299208,-73.97995466,2892,"36061002601"
"253","360","William St & Pine St",40.70717936,-74.00887308,2880,"36061000700"
"254","143","Clinton St & Joralemon St",40.69239502,-73.99337909,2874,"36047000700"
"255","279","Peck Slip & Front St",40.707873,-74.00167,2867,"36061001501"
"256","362","Broadway & W 37 St",40.75172632,-73.98753523,2844,"36061010900"
"257","415","Pearl St & Hanover Square",40.7047177,-74.00926027,2772,"36061000700"
"258","3486","Schermerhorn St & Bond St",40.6884174275408,-73.9845165610313,2772,"36047003700"
"259","467","Dean St & 4 Ave",40.68312489,-73.97895137,2765,"36047012901"
"260","3170","W 84 St & Columbus Ave",40.78499979,-73.97283406,2762,"36061016900"
"261","3318","2 Ave & E 96 St",40.7839636,-73.9471673,2733,"36061015601"
"262","406","Hicks St & Montague St",40.69512845,-73.99595065,2709,"36047000301"
"263","308","St James Pl & Oliver St",40.71307916,-73.99851193,2690,"36061002700"
"264","320","Leonard St & Church St",40.717571,-74.005549,2685,"36061003300"
"265","3112","Milton St & Franklin St",40.72906,-73.95779,2676,"36047056500"
"266","247","Perry St & Bleecker St",40.73535398,-74.00483091,2668,"36061007300"
"267","3462","E 44 St & 2 Ave",40.7511838746328,-73.9713871479034,2665,"36061009000"
"268","3243","E 58 St & 1 Ave",40.7589238637769,-73.9622622728348,2665,"36061010601"
"269","314","Cadman Plaza West & Montague St",40.69383,-73.990539,2664,"36047000900"
"270","3712","W 35 St & Dyer Ave",40.754691750226,-73.9974018931389,2656,"36061011100"
"271","411","E 6 St & Avenue D",40.72228087,-73.97668709,2643,"36061002000"
"272","532","S 5 Pl & S 5 St",40.710451,-73.960876,2631,"36047052300"
"273","3232","Bond St & Fulton St",40.6896218879033,-73.9830426871777,2631,"36047003700"
"274","323","Lawrence St & Willoughby St",40.69236178,-73.98631746,2627,"36047001100"
"275","3314","W 95 St & Broadway",40.7937704,-73.971888,2618,"36061018300"
"276","79","Franklin St & W Broadway",40.71911552,-74.00666661,2555,"36061003300"
"277","3119","Vernon Blvd & 50 Ave",40.74232744,-73.95411749,2542,"36081000700"
"278","351","Front St & Maiden Ln",40.70530954,-74.00612572,2517,"36061000700"
"279","3160","Central Park West & W 76 St",40.77896784,-73.97374737,2497,"36061014300"
"280","3295","Central Park W & W 96 St",40.79127,-73.964839,2488,"36061014300"
"281","3346","Berkeley Pl & 7 Ave",40.6751468387098,-73.9752320945263,2484,"36047015900"
"282","3382","Carroll St & Smith St",40.680611,-73.99475825,2473,"36047007500"
"283","3107","Bedford Ave & Nassau Ave",40.72311651,-73.95212324,2473,"36047051700"
"284","3086","Graham Ave & Conselyea St",40.715143,-73.944507,2469,"36047049700"
"285","3177","W 84 St & Broadway",40.7867947,-73.977112,2468,"36061017100"
"286","3521","Lenox Ave & W 111 St",40.7987859,-73.9523,2462,"36061021600"
"287","270","Adelphi St & Myrtle Ave",40.69308257,-73.97178913,2455,"36047018300"
"288","3256","Pier 40 - Hudson River Park",40.7277140777778,-74.011295735836,2441,"36061003700"
"289","3110","Meserole Ave & Manhattan Ave",40.72708584,-73.95299117,2428,"36047056100"
"290","3283","W 89 St & Columbus Ave",40.7882213,-73.97041561,2417,"36061017300"
"291","349","Rivington St & Ridge St",40.71850211,-73.98329859,2411,"36061001200"
"292","340","Madison St & Clinton St",40.71269042,-73.98776323,2399,"36061000600"
"293","157","Henry St & Atlantic Ave",40.69089272,-73.99612349,2396,"36047000700"
"294","3305","E 91 St & 2 Ave",40.7811222993417,-73.9496558904648,2381,"36061015400"
"295","264","Maiden Ln & Pearl St",40.70706456,-74.00731853,2368,"36061000700"
"296","3148","E 84 St & 1 Ave",40.77565541,-73.95068615,2365,"36061013800"
"297","3699","W 50 St & 9 Ave",40.7636046779586,-73.9891795814037,2331,"36061013300"
"298","454","E 51 St & 1 Ave",40.75455731,-73.96592976,2317,"36061009800"
"299","3134","3 Ave & E 62 St",40.76312584,-73.96526895,2298,"36061011000"
"300","3418","Plaza St West & Flatbush Ave",40.6750207,-73.97111473,2293,"36047015900"
"301","3151","E 81 St & York Ave",40.7728384,-73.94989233,2288,"36061013600"
"302","3288","E 88 St & 1 Ave",40.778301,-73.9488134,2287,"36061014602"
"303","266","Avenue D & E 8 St",40.72368361,-73.97574813,2282,"36061002400"
"304","3162","W 78 St & Broadway",40.78339981,-73.98093133,2274,"36061016700"
"305","3351","E 102 St & 1 Ave",40.7869946,-73.94164802,2271,"36061016200"
"306","3315","Henry St & Degraw St",40.6847514,-73.99917254,2256,"36047006300"
"307","331","Pike St & Monroe St",40.71173107,-73.99193043,2240,"36061000600"
"308","217","Old Fulton St",40.70277159,-73.99383605,2231,"36047002100"
"309","321","Cadman Plaza E & Red Cross Pl",40.69991755,-73.98971773,2219,"36047001300"
"310","3108","Nassau Ave & Russell St",40.72557,-73.94434,2218,"36047059100"
"311","3663","Sterling Pl & 7 Ave",40.6771648946906,-73.973827958107,2205,"36047016100"
"312","3161","W 76 St & Columbus Ave",40.7801839724239,-73.9772853255272,2191,"36061016100"
"313","3226","W 82 St & Central Park West",40.78275,-73.97137,2185,"36061016500"
"314","3195","Sip Ave",40.7307426253066,-74.0637838840485,2176,"34017001900"
"315","386","Centre St & Worth St",40.71494807,-74.00234482,2176,"36061003100"
"316","389","Broadway & Berry St",40.71044554,-73.96525063,2175,"36047054900"
"317","3374","Central Park North & Adam Clayton Powell Blvd",40.799484,-73.955613,2172,"36061014300"
"318","3242","Schermerhorn St & Court St",40.6910292567797,-73.991833627224,2169,"36047000900"
"319","3350","W 100 St & Broadway",40.7973721,-73.97041192,2166,"36061018700"
"320","291","Madison St & Montgomery St",40.713126,-73.984844,2146,"36061000202"
"321","390","Duffield St & Willoughby St",40.69221589,-73.9842844,2133,"36047001500"
"322","276","Duane St & Greenwich St",40.71748752,-74.0104554,2122,"36061003900"
"323","3361","Carroll St & 6 Ave",40.6740886,-73.9787282,2116,"36047015700"
"324","356","Bialystoker Pl & Delancey St",40.71622644,-73.98261206,2109,"36061001200"
"325","3135","E 75 St & 3 Ave",40.77112927,-73.95772297,2101,"36061013400"
"326","3113","Greenpoint Ave & Manhattan Ave",40.73026,-73.95394,2097,"36047057500"
"327","3690","Park Pl & Church St",40.7133418427591,-74.0093551576138,2079,"36061002100"
"328","3172","W 74 St & Columbus Ave",40.7785669,-73.97754961,2078,"36061015700"
"329","481","S 3 St & Bedford Ave",40.71260486,-73.96264403,2075,"36047055100"
"330","3129","Queens Plaza North & Crescent St",40.75110165,-73.94073717,2060,"36081003300"
"331","3203","Hamilton Park",40.727595966,-74.044247311,2056,"34017002400"
"332","259","South St & Whitehall St",40.70122128,-74.01234218,2055,"36061000900"
"333","3154","E 77 St & 3 Ave",40.77314236,-73.95856158,2051,"36061014000"
"334","337","Old Slip & Front St",40.7037992,-74.00838676,2051,"36061000700"
"335","534","Water - Whitehall Plaza",40.70255065,-74.0127234,2049,"36061000900"
"336","3173","Riverside Blvd & W 67 St",40.777507027548,-73.9888858795166,2016,"36061015500"
"337","3285","W 87 St & Amsterdam Ave",40.78839,-73.9747,1995,"36061017500"
"338","437","Macon St & Nostrand Ave",40.6809833854,-73.9500479759,1990,"36047024500"
"339","516","E 47 St & 1 Ave",40.75206862,-73.96784384,1983,"36061009000"
"340","408","Market St & Cherry St",40.71076228,-73.99400398,1979,"36061000800"
"341","3293","W 92 St & Broadway",40.7921,-73.9739,1967,"36061017900"
"342","3367","5 Ave & E 103 St",40.7922553,-73.95249933,1967,"36061016800"
"343","392","Jay St & Tech Pl",40.695065,-73.987167,1964,"36047001300"
"344","274","Lafayette Ave & Fort Greene Pl",40.68691865,-73.976682,1960,"36047003500"
"345","3136","5 Ave & E 63 St",40.766368,-73.971518,1936,"36061014300"
"346","3534","Frederick Douglass Blvd & W 117 St",40.805159,-73.954692,1936,"36061021800"
"347","244","Willoughby Ave & Hall St",40.69196035,-73.96536851,1933,"36047019300"
"348","3378","E 76 St & Park Ave",40.773763,-73.96222088,1932,"36061013000"
"349","3106","Driggs Ave & N Henry St",40.72325,-73.94308,1930,"36047059100"
"350","310","State St & Smith St",40.68926942,-73.98912867,1919,"36047004300"
"351","416","Cumberland St & Lafayette Ave",40.68753406,-73.97265183,1914,"36047018100"
"352","3304","6 Ave & 9 St",40.668127,-73.98377641,1911,"36047015300"
"353","3668","Leonard St & Nassau Ave",40.7239567849954,-73.9498436450958,1906,"36047057100"
"354","3576","Park Pl & Vanderbilt Ave",40.6767,-73.969024,1888,"36047020700"
"355","3354","3 St & Prospect Park West",40.668132,-73.97363831,1876,"36047017700"
"356","3368","5 Ave & 3 St",40.6728155,-73.98352355,1868,"36047013500"
"357","258","DeKalb Ave & Vanderbilt Ave",40.68940747,-73.96885458,1866,"36047019700"
"358","3124","46 Ave & 5 St",40.74731,-73.95451,1843,"36081000100"
"359","3376","E 65 St & 2 Ave",40.7647185194434,-73.962220698595,1838,"36061011800"
"360","3349","Grand Army Plaza & Plaza St West",40.6729679,-73.97087984,1833,"36047015900"
"361","249","Harrison St & Hudson St",40.71870987,-74.0090009,1828,"36061003900"
"362","3146","E 81 St & 3 Ave",40.77573034,-73.9567526,1814,"36061014000"
"363","298","3 Ave & Schermerhorn St",40.68683208,-73.9796772,1809,"36047003700"
"364","3671","E 81 St & 2 Ave",40.7747794489573,-73.9542746543884,1807,"36061013800"
"365","3408","Congress St & Clinton St",40.6881529,-73.99520919,1804,"36047004500"
"366","3183","Exchange Place",40.7162469,-74.0334588,1803,"34017007400"
"367","3078","Broadway & Roebling St",40.7092482627616,-73.9606314897537,1800,"36047052500"
"368","3286","E 89 St & 3 Ave",40.7806284,-73.9521667,1800,"36061015400"
"369","341","Stanton St & Mangin St",40.71782143,-73.97628939,1798,"36061001002"
"370","3308","Kane St & Clinton St",40.6861758,-73.99645295,1796,"36047004500"
"371","3312","1 Ave & E 94 St",40.7817212,-73.94594,1784,"36061015400"
"372","260","Broad St & Bridge St",40.70365182,-74.01167797,1769,"36061000900"
"373","3584","Eastern Pkwy & Franklin Ave",40.6707767,-73.9576801,1752,"36047021900"
"374","3116","Huron St & Franklin St",40.73266,-73.95826,1744,"36047056300"
"375","3637","Fulton St & Waverly Ave",40.6832386546034,-73.9659959077835,1720,"36047019900"
"376","3336","E 97 St & Madison Ave",40.787801,-73.953559,1716,"36061016002"
"377","332","Cherry St",40.71219906,-73.97948148,1712,"36061000202"
"378","414","Pearl St & Anchorage Pl",40.70281858,-73.98765762,1697,"36047002100"
"379","427","Bus Slip & State St",40.701907,-74.013942,1693,"36061000900"
"380","3139","E 72 St & Park Ave",40.7711828754066,-73.9640942215919,1689,"36061013000"
"381","3150","E 85 St & York Ave",40.77536905,-73.94803392,1685,"36061014401"
"382","3553","Frederick Douglass Blvd & W 112 St",40.801694,-73.957145,1682,"36061021600"
"383","3356","Amsterdam Ave & W 66 St",40.7746671,-73.98470567,1670,"36061015100"
"384","3166","Riverside Dr & W 72 St",40.7805779901033,-73.9856243133545,1670,"36061016300"
"385","3362","Madison Ave & E 82 St",40.7781314,-73.96069399,1658,"36061014200"
"386","3420","Douglass St & 3 Ave",40.6802133,-73.98432695,1654,"36047011900"
"387","3290","E 89 St & York Ave",40.7779453,-73.946041,1650,"36061014402"
"388","3369","E 82 St & East End Ave",40.7724607,-73.9468208,1641,"36061013600"
"389","3118","McGuinness Blvd & Eagle St",40.73555,-73.95284,1632,"36047057500"
"390","3115","India St & Manhattan Ave",40.73232194,-73.9550858,1627,"36047056300"
"391","3109","Banker St & Meserole Ave",40.72606,-73.95621,1626,"36047056100"
"392","3417","Baltic St & 5 Ave",40.6795766,-73.97854971,1625,"36047012901"
"393","364","Lafayette Ave & Classon Ave",40.68900443,-73.96023854,1619,"36047019300"
"394","3077","Stagg St & Union Ave",40.70877084,-73.95095259,1617,"36047052700"
"395","3101","N 12 St & Bedford Ave",40.72079821,-73.95484712,1617,"36047051700"
"396","339","Avenue D & E 12 St",40.72580614,-73.97422494,1615,"36061002400"
"397","3202","Newport PATH",40.7272235,-74.0337589,1614,"34017007700"
"398","3145","E 84 St & Park Ave",40.77862688,-73.95772073,1611,"36061014000"
"399","282","Kent Ave & S 11 St",40.7076449441757,-73.9684152603149,1610,"36047054700"
"400","261","Johnson St & Gold St",40.69474881,-73.98362464,1607,"36047001500"
"401","471","Grand St & Havemeyer St",40.71286844,-73.95698119,1603,"36047051900"
"402","3497","Pleasant Ave & E 116 St",40.7949879,-73.9333349,1597,"36061017800"
"403","3358","Garfield Pl & 8 Ave",40.6711978,-73.97484126,1586,"36047015700"
"404","3518","Lenox Ave & W 126 St",40.808442,-73.9452087,1586,"36061022200"
"405","3320","Central Park West & W 100 St",40.7940666081855,-73.9628684520721,1585,"36061014300"
"406","3400","E 110 St & Madison Ave",40.7961535,-73.94782145,1575,"36061017401"
"407","3169","Riverside Dr & W 82 St",40.78720869,-73.98128127,1568,"36061017100"
"408","3558","Bergen St & Vanderbilt Ave",40.6794388,-73.9680438,1567,"36047020300"
"409","3496","1 Ave & E 110 St",40.7923272,-73.9383,1563,"36061018000"
"410","3321","Clinton St & Union St",40.6831164,-73.99785267,1554,"36047006700"
"411","3323","W 106 St & Central Park West",40.7981856,-73.9605909006,1552,"36061018900"
"412","3411","Bond St & Bergen St",40.6849668,-73.98620772,1535,"36047007100"
"413","3100","Nassau Ave & Newell St",40.7248125644002,-73.947526216507,1534,"36047057100"
"414","3294","E 91 St & Park Ave",40.7835016,-73.955327,1533,"36061015002"
"415","3131","E 68 St & 3 Ave",40.7671284034954,-73.9622461795807,1531,"36061011800"
"416","313","Washington Ave & Park Ave",40.69610226,-73.96751037,1527,"36047054300"
"417","262","Washington Park",40.6917823,-73.9737299,1524,"36047003100"
"418","3335","Union St & 4 Ave",40.6772744,-73.98282002,1519,"36047013300"
"419","3289","W 90 St & Amsterdam Ave",40.7901794809508,-73.9728891849518,1516,"36061017700"
"420","3628","Lenox Ave & W 117 St",40.8025566,-73.9490782,1512,"36061019000"
"421","3434","W 88 St & West End Ave",40.7902541733042,-73.9771834015846,1511,"36061017500"
"422","3087","Metropolitan Ave & Meeker Ave",40.71413311,-73.95234386,1505,"36047050100"
"423","3508","St Nicholas Ave & Manhattan Ave",40.809725,-73.953149,1503,"36061025700"
"424","3082","Hope St & Union Ave",40.71167351,-73.95141312,1494,"36047051300"
"425","3648","Flushing Ave & Vanderbilt Ave",40.6979503156954,-73.970775604248,1492,"36047054300"
"426","3328","W 100 St & Manhattan Ave",40.795,-73.9645,1483,"36061018900"
"427","3639","Harborside",40.7192517,-74.034234,1480,"34017007600"
"428","241","DeKalb Ave & S Portland Ave",40.68981035,-73.97493121,1477,"36047003100"
"429","3549","Grand Ave & Bergen St",40.678045,-73.962408,1473,"36047020500"
"430","3370","E 78 St & 2 Ave",40.7727966,-73.95577801,1471,"36061013400"
"431","3345","Madison Ave & E 99 St",40.7894854155321,-73.9524292945862,1463,"36061016800"
"432","243","Fulton St & Rockwell Pl",40.688226,-73.979382,1459,"36047003300"
"433","3307","West End Ave & W 94 St",40.7941654,-73.974124,1458,"36061018300"
"434","353","S Portland Ave & Hanson Pl",40.68539567,-73.97431458,1452,"36047003500"
"435","3562","Classon Ave & St Marks Ave",40.6765198,-73.9596082,1450,"36047030500"
"436","3096","Union Ave & N 12 St",40.71924,-73.95242,1444,"36047051500"
"437","3725","2 Ave & E 72 St",40.7687620293096,-73.9584079384804,1442,"36061012600"
"438","3383","Cathedral Pkwy & Broadway",40.804213,-73.96699104,1440,"36061019500"
"439","399","Lafayette Ave & St James Pl",40.68851534,-73.9647628,1435,"36047019300"
"440","344","Monroe St & Bedford Ave",40.6851443,-73.95380904,1424,"36047024300"
"441","3414","Bergen St & Flatbush Ave",40.6809447234773,-73.9756733179092,1420,"36047012902"
"442","3064","Myrtle Ave & Lewis Ave",40.69681963,-73.93756926,1418,"36047028700"
"443","3398","Smith St & 9 St",40.6746957,-73.99785768,1405,"36047007700"
"444","3364","Carroll St & 5 Ave",40.6751622,-73.9814832,1405,"36047013300"
"445","3526","31 St & 23 Ave",40.7747878,-73.9125551,1391,"36081011500"
"446","3537","Carlton Ave & Dean St",40.6809741,-73.9710097,1389,"36047016300"
"447","3453","Devoe St & Lorimer St",40.7133522622288,-73.9491033554077,1388,"36047050300"
"448","3306","10 St & 7 Ave",40.6662078,-73.98199886,1386,"36047015100"
"449","3296","E 93 St & 2 Ave",40.7824541752799,-73.9489196240902,1386,"36061015400"
"450","3425","2 Ave & E 104 St",40.7892105,-73.94370784,1365,"36061016400"
"451","3615","44 Dr & 21 St",40.748,-73.9460927,1358,"36081001900"
"452","3298","Warren St & Court St",40.686371,-73.99383324,1355,"36047006900"
"453","354","Emerson Pl & Myrtle Ave",40.69363137,-73.96223558,1351,"36047019300"
"454","3373","3 St & 3 Ave",40.6750705,-73.98775226,1326,"36047011900"
"455","3581","Underhill Ave & Lincoln Pl",40.6740123,-73.9671457,1323,"36047020700"
"456","3080","S 4 St & Rodney St",40.70934,-73.95608,1320,"36047052700"
"457","3375","3 Ave & E 72 St",40.7699426,-73.96060712,1319,"36061012800"
"458","3329","Degraw St & Smith St",40.6829151,-73.99318208,1318,"36047007500"
"459","420","Clermont Ave & Lafayette Ave",40.68764484,-73.96968902,1313,"36047019700"
"460","398","Atlantic Ave & Furman St",40.69165183,-73.9999786,1308,"36047004700"
"461","3413","Wyckoff St & 3 Ave",40.6827549,-73.98258555,1303,"36047012700"
"462","275","Washington Ave & Greene Ave",40.68650065,-73.96563307,1287,"36047019900"
"463","3377","Carroll St & Bond St",40.6786115,-73.99037292,1287,"36047007700"
"464","3538","W 110 St & Amsterdam Ave",40.802692,-73.96295,1284,"36061019701"
"465","3125","45 Rd & 11 St",40.74708586,-73.94977234,1282,"36081000700"
"466","82","St James Pl & Pearl St",40.71117416,-74.00016545,1260,"36061002500"
"467","3724","7 Ave & Central Park South",40.7667405590595,-73.9790689945221,1258,"36061013700"
"468","3430","Richardson St & N Henry St",40.7190789117956,-73.9422369003296,1255,"36047047700"
"469","3310","14 St & 7 Ave",40.663779,-73.98396846,1252,"36047014900"
"470","365","Fulton St & Grand Ave",40.68223166,-73.9614583,1249,"36047022700"
"471","3126","44 Dr & Jackson Ave",40.74718234,-73.9432635,1249,"36081001900"
"472","248","Laight St & Hudson St",40.72185379,-74.00771779,1245,"36061003300"
"473","3529","Lenox Ave & W 130 St",40.8107922,-73.9430681,1237,"36061020800"
"474","418","Front St & Gold St",40.70224,-73.982578,1230,"36047002100"
"475","3292","5 Ave & E 93 St",40.7857851,-73.957481,1226,"36061014300"
"476","3300","Prospect Park West & 8 St",40.6651468153379,-73.9763760566711,1218,"36047017700"
"477","3384","Smith St & 3 St",40.6787242,-73.99599099,1217,"36047007700"
"478","3297","6 St & 7 Ave",40.6686627,-73.97988067,1210,"36047015300"
"479","3675","3 Ave & E 95 St",40.7845967988489,-73.9496853947639,1209,"36061015601"
"480","3412","Pacific St & Nevins St",40.6853761,-73.98302136,1199,"36047003900"
"481","3630","Frederick Douglass Blvd & W 115 St",40.8038654,-73.9559308,1196,"36061020102"
"482","3379","E 103 St & Lexington Ave",40.7903051,-73.94755757,1194,"36061016600"
"483","483","E 12 St & 3 Ave",40.73223272,-73.98889957,1190,"36061004200"
"484","419","Carlton Ave & Park Ave",40.69580705,-73.97355569,1189,"36047018501"
"485","3284","E 88 St & Park Ave",40.78141070019,-73.9559590816498,1184,"36061014802"
"486","3388","President St & Henry St",40.6828003,-73.99990419,1170,"36047006700"
"487","3357","W 106 St & Amsterdam Ave",40.8008363,-73.9664492472,1163,"36061019500"
"488","3419","Douglass St & 4 Ave",40.6792788,-73.98154004,1161,"36047013100"
"489","3365","3 St & 7 Ave",40.6703837,-73.97839676,1153,"36047015500"
"490","3359","E 68 St & Madison Ave",40.7691572,-73.96703464,1150,"36061012200"
"491","3211","Newark Ave",40.72152515,-74.046304543,1150,"34017002300"
"492","3452","Bayard St & Leonard St",40.7191557169604,-73.9488539099693,1141,"36047051500"
"493","3074","Montrose Ave & Bushwick Ave",40.70767788,-73.94016171,1134,"36047049300"
"494","3572","34 Ave & 38 St",40.756913,-73.921631,1130,"36081015700"
"495","3574","Prospect Pl & Underhill Ave",40.6769694,-73.96579,1127,"36047020500"
"496","3415","Prospect Pl & 6 Ave",40.6793307,-73.97519523,1125,"36047016100"
"497","407","Henry St & Poplar St",40.700469,-73.991454,1120,"36047000100"
"498","3117","Franklin St & Dupont St",40.73564,-73.95866,1120,"36047056300"
"499","3533","St. Nicholas Ave & W 126 St",40.8114323,-73.9518776,1120,"36061021500"
"500","3231","E 67 St & Park Ave",40.7678008014813,-73.9659208059311,1120,"36061012000"
"501","242","Carlton Ave & Flushing Ave",40.697787,-73.973736,1119,"36047021100"
"502","3396","Clinton St & 4 Place",40.6783563,-74.00014502,1117,"36047006500"
"503","3102","Driggs Ave & Lorimer St",40.72179134,-73.9504154,1116,"36047051500"
"504","3489","Gold St & Frankfort St",40.7106999463139,-74.003541469574,1115,"36061001501"
"505","3389","Carroll St & Columbia St",40.6830456,-74.00348559,1109,"36047005100"
"506","3366","West End Ave & W 107 St",40.8021174,-73.9681805305,1108,"36061019500"
"507","3085","Roebling St & N 4 St",40.71469,-73.95739,1104,"36047051900"
"508","2022","E 60 St & York Ave",40.759107,-73.959223,1103,"36061010602"
"509","3580","St Johns Pl & Washington Ave",40.6737236,-73.9631611,1094,"36047020700"
"510","3571","Bedford Ave & Bergen St",40.676368,-73.952918,1089,"36047022100"
"511","3081","Graham Ave & Grand St",40.711863,-73.944024,1085,"36047049500"
"512","421","Clermont Ave & Park Ave",40.69573398,-73.97129668,1079,"36047018700"
"513","3341","Central Park West & W 102 St",40.795346,-73.96186,1076,"36061014300"
"514","3339","Berkeley Pl & 6 Ave",40.6765304,-73.97846879,1074,"36047013100"
"515","3185","City Hall",40.7177325,-74.043845,1070,"34017006400"
"516","3405","5 St & 6 Ave",40.6704836,-73.98208968,1069,"36047013700"
"517","376","John St & William St",40.70862144,-74.00722156,1058,"36061001502"
"518","120","Lexington Ave & Classon Ave",40.68676793,-73.95928168,1053,"36047023300"
"519","3276","Marin Light Rail",40.7145840353589,-74.042817056179,1044,"34017007500"
"520","3272","Jersey & 3rd",40.7233315864644,-74.0459525585174,1029,"34017002300"
"521","3386","1 Pl & Clinton St",40.6809591,-73.99905709,1023,"36047006500"
"522","3303","Butler St & Court St",40.6849894,-73.99440329,1014,"36047006900"
"523","3049","Cambridge Pl & Gates Ave",40.68488,-73.96304,1007,"36047020100"
"524","3552","W 113 St & Broadway",40.805973,-73.964928,1001,"36061019900"
"525","3319","14 St & 5 Ave",40.666287,-73.98895053,1001,"36047014100"
"526","3673","Dean St & Franklin Ave",40.6775920693738,-73.955637216568,998,"36047030500"
"527","3599","Franklin Ave & Empire Blvd",40.66314,-73.9605695,990,"36047032700"
"528","3502","Lexington Ave & E 111 St",40.7954121,-73.9441232,985,"36061017200"
"529","400","Pitt St & Stanton St",40.71926081,-73.98178024,985,"36061002201"
"530","3535","Mt Morris Park W & W 120 St",40.804038,-73.945925,980,"36061019800"
"531","3355","E 66 St & Madison Ave",40.7680088930595,-73.9684528112411,975,"36061012200"
"532","83","Atlantic Ave & Fort Greene Pl",40.68382604,-73.97632328,974,"36047003500"
"533","3094","Graham Ave & Withers St",40.7169811,-73.94485918,973,"36047049700"
"534","3422","Columbia St & Degraw St",40.6859296,-74.00242364,972,"36047004700"
"535","3410","Dean St & Hoyt St",40.6864442,-73.98759104,971,"36047004100"
"536","3547","Broadway & Moylan Pl",40.8143256,-73.9590255,968,"36061021100"
"537","3539","W 116 St & Amsterdam Ave",40.8067581,-73.9607082,962,"36061020101"
"538","3152","3 Ave & E 71 St",40.76873687,-73.96119945,957,"36061012600"
"539","3269","Brunswick & 6th",40.7260117296463,-74.0503889322281,954,"34017002200"
"540","3343","W 107 St & Columbus Ave",40.7997568,-73.9621128676,953,"36061019300"
"541","3689","W 104 St & Amsterdam Ave",40.799041392883,-73.9664947986603,950,"36061018900"
"542","3067","Broadway & Whipple St",40.7016657,-73.9437303,948,"36047050700"
"543","3241","Monroe St & Tompkins Ave",40.686203,-73.944694,946,"36047026500"
"544","3544","Underhill Ave & Pacific St",40.6804836,-73.9646795,940,"36047020300"
"545","3311","Columbia St & Kane St",40.68763155,-74.0016256,940,"36047004700"
"546","3076","Scholes St & Manhattan Ave",40.70870368,-73.9448625,935,"36047050500"
"547","144","Nassau St & Navy St",40.69839895,-73.98068914,930,"36047002300"
"548","3387","E 106 St & Madison Ave",40.7934337,-73.94945003,929,"36061016800"
"549","3390","E 109 St & 3 Ave",40.79329668,-73.9432083,929,"36061017000"
"550","3057","Kosciuszko St & Tompkins Ave",40.69128258,-73.9452416,925,"36047026100"
"551","3403","4 Ave & 9 St",40.6705135,-73.98876585,922,"36047012100"
"552","3509","Lenox Ave & W 115 St",40.8011939,-73.9500739,922,"36061018600"
"553","3510","Adam Clayton Powell Blvd & W 123 St",40.8078316,-73.949373,920,"36061022200"
"554","245","Myrtle Ave & St Edwards St",40.69327018,-73.97703874,914,"36047003100"
"555","3555","28 St & 41 Ave",40.751047,-73.93797,904,"36081003300"
"556","3199","Newport Pkwy",40.7287448,-74.0321082,902,"34017007700"
"557","3338","2 Ave & E 99 St",40.7862586,-73.94552579,898,"36061016400"
"558","3313","6 Ave & 12 St",40.6663181,-73.9854617,892,"36047013900"
"559","3275","Columbus Drive",40.7183551982321,-74.0389144420624,890,"34017007600"
"560","3130","21 St & Queens Plaza North",40.75325964,-73.94335788,889,"36081002500"
"561","3454","Leonard St & Maujer St",40.7103685423523,-73.9470595121384,888,"36047050500"
"562","3579","Sterling Pl & Bedford Ave",40.672695,-73.954131,885,"36047021900"
"563","3083","Bushwick Ave & Powers St",40.71247661,-73.94100005,878,"36047049500"
"564","3178","Riverside Dr & W 78 St",40.78414472,-73.98362492,869,"36061016300"
"565","3583","Eastern Pkwy & Washington Ave",40.6716493,-73.9631145,867,"36047017700"
"566","3363","E 102 St & Park Ave",40.7904828,-73.95033068,866,"36061016800"
"567","3209","Brunswick St",40.7241765,-74.0506564,861,"34017002200"
"568","409","DeKalb Ave & Skillman St",40.6906495,-73.95643107,861,"36047023300"
"569","3640","Journal Square",40.73367,-74.0625,859,"34017001900"
"570","3278","Monmouth and 6th",40.725685483629,-74.0487903356552,854,"34017002200"
"571","3611","Vernon Blvd & 47 Rd",40.7449067,-73.9534573,851,"36081000700"
"572","396","Lefferts Pl & Franklin Ave",40.680342423,-73.9557689392,849,"36047022700"
"573","3273","Manila & 1st",40.72165072488,-74.0428841114044,849,"34017007000"
"574","3593","31 St & Broadway",40.761584,-73.925921,840,"36081005900"
"575","343","Clinton Ave & Flushing Ave",40.69794,-73.96986848,839,"36047054300"
"576","3536","W 116 St & Broadway",40.8082,-73.9641,835,"36061020500"
"577","3332","Degraw St & Hoyt St",40.681990442707,-73.9907902479172,827,"36047007500"
"578","289","Monroe St & Classon Ave",40.6845683,-73.95881081,826,"36047022900"
"579","3317","10 St & 5 Ave",40.6686273,-73.98700053,816,"36047013900"
"580","3270","Jersey & 6th St",40.7252891078113,-74.0455716848373,815,"34017002400"
"581","3404","7 St & 5 Ave",40.6704922,-73.98541675,813,"36047013700"
"582","3676","Van Brunt St & Van Dyke St",40.6758329439129,-74.0147262811661,811,"36047005300"
"583","3187","Warren St",40.7211236,-74.03805095,809,"34017007600"
"584","3397","Court St & Nelson St",40.6763947,-73.99869893,802,"36047007700"
"585","3407","Union St & Nevins St",40.6790979972168,-73.9876547455788,799,"36047011900"
"586","3105","N 15 St & Wythe Ave",40.724055,-73.955736,797,"36047056100"
"587","3267","Morris Canal",40.7124188237569,-74.0385255217552,788,"34017007400"
"588","3213","Van Vorst Park",40.71848892,-74.047726625,786,"34017006400"
"589","3052","Lewis Ave & Madison St",40.686312,-73.935775,782,"36047027700"
"590","3062","Myrtle Ave & Marcy Ave",40.69539817,-73.94954908,782,"36047025500"
"591","3047","Halsey St & Tompkins Ave",40.6823687,-73.944118,780,"36047026900"
"592","3516","31 St & Astoria Blvd",40.7699176,-73.9184057,777,"36081007100"
"593","3050","Putnam Ave & Throop Ave",40.6851532,-73.94111,776,"36047027700"
"594","3184","Paulus Hook",40.7141454,-74.0335519,771,"34017007400"
"595","3501","E 118 St & Madison Ave",40.8014866,-73.9442507,768,"36061018400"
"596","3249","Verona Pl & Fulton St",40.6803560840434,-73.9476791024208,765,"36047024900"
"597","278","Concord St & Bridge St",40.69766564,-73.98476437,760,"36047001500"
"598","3540","Morningside Ave & W 123 St",40.81,-73.9551508,760,"36061019701"
"599","3449","Eckford St & Engert Ave",40.7214625622982,-73.9480090141296,759,"36047049900"
"600","3144","E 81 St & Park Ave",40.77677702,-73.9590097,758,"36061014000"
"601","3424","E 106 St & Lexington Ave",40.791976,-73.945993,753,"36061017200"
"602","3613","Center Blvd & 48 Ave",40.745038,-73.957539,752,"36081000100"
"603","397","Fulton St & Clermont Ave",40.68415748,-73.96922273,750,"36047017900"
"604","3714","Division Av & Hooper St",40.7068420310133,-73.9544353965357,750,"36047052900"
"605","3157","East End Ave & E 86 St",40.77518615,-73.94446054,745,"36061014402"
"606","3569","Franklin Ave & St Marks Ave",40.6758324,-73.9561677,739,"36047030500"
"607","3520","Adam Clayton Powell Blvd & W 118 St",40.804372,-73.951475,736,"36061021800"
"608","3381","3 St & Hoyt St",40.6777287,-73.99364123,721,"36047007700"
"609","3279","Dixon Mills",40.7216301426384,-74.0499678254128,719,"34017006500"
"610","3491","E 118 St & 1 Ave",40.79747,-73.93504,716,"36061018800"
"611","3495","E 114 St & 1 Ave",40.7945663,-73.9362541,696,"36061017800"
"612","3693","N 11 St & Kent Ave",40.7224818863822,-73.9592193067074,696,"36047055700"
"613","3541","Amsterdam Ave & W 125 St",40.813358,-73.956461,694,"36061021100"
"614","3347","Van Brunt St & Wolcott St",40.6773429,-74.01275056,694,"36047005300"
"615","3556","24 St & 41 Ave",40.7527085,-73.9397405,693,"36081003300"
"616","3309","E 97 St & 3 Ave",40.7859201,-73.94860294,692,"36061015602"
"617","3618","27 St & Hunter St",40.7485,-73.941275,689,"36081001900"
"618","3088","Union Ave & Jackson St",40.7160751,-73.952029,675,"36047051900"
"619","3068","Humboldt St & Varet St",40.7031724,-73.940636,673,"36047048900"
"620","3058","Lewis Ave & Kosciuszko St",40.69237074,-73.93705428,672,"36047028100"
"621","3153","E 71 St & 2 Ave",40.7681754674225,-73.9591026306152,669,"36061012600"
"622","3638","Washington St",40.7242941,-74.0354826,669,"34017007600"
"623","3602","31 Ave & 34 St",40.763154,-73.920827,667,"36081006300"
"624","3214","Essex Light Rail",40.7127742,-74.0364857,658,"34017007400"
"625","3437","Riverside Dr & W 91 St",40.7931348098666,-73.9770036935806,657,"36061017900"
"626","3592","Crescent St & Broadway",40.7633589,-73.9286471,657,"36081005300"
"627","3494","E 115 St & Lexington Ave",40.797911,-73.9423,656,"36061018200"
"628","3723","Cadman Plaza E & Johnson St",40.695317277669,-73.9901572465897,651,"36047001300"
"629","3095","Graham Ave & Herbert St",40.71929301,-73.94500379,649,"36047047700"
"630","3629","Adam Clayton Powell Blvd & W 126 St",40.8094953477795,-73.9477649331093,645,"36061022200"
"631","3055","Greene Ave & Nostrand Ave",40.6883337,-73.950916,644,"36047025100"
"632","3578","Park Pl & Franklin Ave",40.6741806,-73.9564947,643,"36047022100"
"633","3721","31 St & Newtown Ave",40.7675487799971,-73.9209334552288,642,"36081007100"
"634","3591","21 St & 31 Dr",40.7659,-73.930819,639,"36081007700"
"635","3493","E 118 St & 3 Ave",40.799139,-73.9389152,639,"36061018800"
"636","216","Columbia Heights & Cranberry St",40.70037867,-73.99548059,637,"36047000100"
"637","3071","Boerum St & Broadway",40.70538077,-73.94976519,632,"36047051100"
"638","3597","43 St & Broadway",40.7577284,-73.9166368,631,"36081015900"
"639","3478","2 Ave & 36 St - Citi Bike HQ at Industry City",40.6570886666848,-74.0087020397186,631,"36047001800"
"640","3504","E 123 St & Lexington Ave",40.8029263,-73.9379,621,"36061019600"
"641","3046","Marcus Garvey Blvd & Macon St",40.682601,-73.938037,619,"36047027500"
"642","3210","Pershing Field",40.742677141,-74.051788633,617,"34017001100"
"643","3371","4 Ave & 2 St",40.6746134224758,-73.9850114285946,615,"36047013500"
"644","3542","Amsterdam Ave & W 119 St",40.8086249,-73.9596214,612,"36061020701"
"645","3302","Columbus Ave & W 103 St",40.7969347,-73.9643412291,606,"36061018900"
"646","3056","Kosciuszko St & Nostrand Ave",40.69072549,-73.95133465,602,"36047025300"
"647","3399","7 St & 3 Ave",40.6726029815013,-73.9898300170898,602,"36047011900"
"648","3511","Adam Clayton Powell Blvd & W 115 St",40.802535,-73.9532423,602,"36061021800"
"649","3331","Riverside Dr & W 104 St",40.8013434,-73.9711457439,598,"36061019100"
"650","3121","Jackson Ave & 46 Rd",40.74524768,-73.94733276,598,"36081000700"
"651","3192","Liberty Light Rail",40.7112423,-74.0557013,595,"34017004700"
"652","436","Hancock St & Bedford Ave",40.68216564,-73.95399026,593,"36047022700"
"653","3042","Fulton St & Utica Ave",40.6794268,-73.9298911,590,"36047029700"
"654","3194","McGinley Square",40.7253399253558,-74.0676221251488,587,"34017003000"
"655","3391","E 106 St & 1 Ave",40.7892529,-73.93956237,582,"36061016200"
"656","3066","Tompkins Ave & Hopkins St",40.69957608,-73.94708417,581,"36047025700"
"657","3681","Grand St",40.7151776773203,-74.0376833081245,577,"34017007500"
"658","443","Bedford Ave & S 9 St",40.70853074,-73.96408963,576,"36047054700"
"659","3205","JC Medical Center",40.7165397809919,-74.0496379137039,574,"34017007300"
"660","3441","10 Hudson Yards",40.752957,-74.00264,572,"36061009900"
"661","373","Willoughby Ave & Walworth St",40.69331716,-73.95381995,561,"36047024100"
"662","3344","Pioneer St & Van Brunt St",40.679043,-74.011169,561,"36047005900"
"663","3054","Greene Ave & Throop Ave",40.6894932,-73.942061,559,"36047027900"
"664","3606","49 Ave & 21 St",40.74252,-73.948852,553,"36081001900"
"665","3560","28 St & 38 Ave",40.754876,-73.934326,552,"36081003100"
"666","3072","Leonard St & Boerum St",40.70583339,-73.94644578,550,"36047051100"
"667","3348","Coffey St & Conover St",40.677236,-74.015665,549,"36047005300"
"668","3588","Vernon Blvd & 10 St",40.7671863,-73.9373554,546,"36081004500"
"669","119","Park Ave & St Edwards St",40.69608941,-73.97803415,540,"36047002901"
"670","3662","31 Ave & Steinway St",40.7612938972891,-73.916916847229,532,"36081014900"
"671","3517","31 St & Hoyt Ave N",40.7711528,-73.9170074,532,"36081012500"
"672","3299","E 98 St & Park Ave",40.78813,-73.95206,532,"36061016800"
"673","3622","E 128 St & Madison Ave",40.80756,-73.939182,532,"36061020600"
"674","3527","5 Ave & E 126 St",40.80698,-73.941747,526,"36061019800"
"675","3623","W 120 St & Claremont Ave",40.8109494,-73.9634,521,"36061020500"
"676","3610","Vernon Blvd & 30 Rd",40.770845,-73.934171,520,"36081008100"
"677","3499","2 Ave & E 122 St",40.8006721,-73.9349,516,"36061019400"
"678","3503","Madison Ave & E 120 St",40.80295,-73.942954,515,"36061019800"
"679","3570","35 Ave & 37 St",40.7557327,-73.9236611,514,"36081005700"
"680","3469","India St & West St",40.7318140172097,-73.9599502086639,508,"36047056500"
"681","3324","3 Ave & 14 St",40.6685455,-73.99333264,506,"36047011700"
"682","3041","Kingston Ave & Herkimer St",40.67890679,-73.94142771,504,"36047027100"
"683","3500","E 115 St & Madison Ave",40.7989445,-73.944846,500,"36061018400"
"684","3515","24 Ave & 26 St",40.774591,-73.918544,499,"36081009700"
"685","3498","Pleasant Ave & E 120 St",40.7974772,-73.9311847,499,"36061019200"
"686","3327","3 Ave & E 100 St",40.7877214,-73.94728331,495,"36061016400"
"687","3692","5 St & Market St",40.6999974843885,-73.9744012802839,494,"36047054300"
"688","3123","31 St & Thomson Ave",40.74469738,-73.93540375,494,"36081017900"
"689","3531","Frederick Douglass Blvd & W 129 St",40.8125511,-73.9492286,492,"36061022400"
"690","3207","Oakland Ave",40.7376037,-74.0524783,491,"34017001400"
"691","3091","Frost St & Meeker St",40.71764,-73.94882,490,"36047051500"
"692","3280","Astor Place",40.719282200707,-74.071261882782,485,"34017004102"
"693","3048","Putnam Ave & Nostrand Ave",40.68402,-73.94977,478,"36047024900"
"694","3524","19 St & 24 Ave",40.7774552,-73.9225403,473,"36081009700"
"695","3532","Ditmars Blvd & 19 St",40.78145,-73.9183302,471,"36081009900"
"696","3490","E 116 St & 2 Ave",40.796879,-73.937261,470,"36061018800"
"697","3505","Lexington Ave & E 127 St",40.805726,-73.936322,466,"36061024200"
"698","372","Franklin Ave & Myrtle Ave",40.694546087246,-73.9580136537552,464,"36047123700"
"699","3506","Lexington Ave & E 120 St",40.8013066,-73.9398167,464,"36061019600"
"700","3582","Lincoln Pl & Classon Ave",40.6721683,-73.9609,463,"36047021700"
"701","3221","47 Ave & 31 St",40.743,-73.93561,463,"36081019900"
"702","3605","31 Ave & Crescent St",40.7658346,-73.9265474,460,"36081007300"
"703","3060","Willoughby Ave & Tompkins Ave",40.69425403,-73.94626915,454,"36047025901"
"704","3059","Pulaski St & Marcus Garvey Blvd",40.6933982,-73.939877,450,"36047028100"
"705","3483","Montgomery St",40.71942,-74.05099,449,"34017006500"
"706","3608","5 St & 51 Ave",40.7423737,-73.9566,448,"36081000700"
"707","3575","Crescent St & 34 Ave",40.76108,-73.930562,443,"36081004700"
"708","3653","31 St & 35 Ave",40.7582046469676,-73.9283215999603,442,"36081005700"
"709","3546","Pacific St & Classon Ave",40.6791944,-73.9587903,439,"36047030500"
"710","3179","Park Ave & Marcus Garvey Blvd",40.698617,-73.941342,433,"36047028501"
"711","3069","Lorimer St & Broadway",40.70411791,-73.94818595,432,"36047050900"
"712","3551","3 Ave & E 112 St",40.795508,-73.941606,431,"36061018000"
"713","3545","Broadway & W 122 St",40.8120562,-73.9612547,428,"36061021100"
"714","3616","Steinway St & 28 Ave",40.7656251,-73.9136695,425,"36081014300"
"715","3122","48 Ave & 5 St",40.7443632870669,-73.9558732509613,424,"36081000700"
"716","3352","Sigourney St & Columbia St",40.6726724341095,-74.0087952464819,418,"36047005300"
"717","3225","Baldwin at Montgomery",40.7236589,-74.0641943,416,"34017003100"
"718","3322","12 St & 4 Ave",40.668603,-73.9904394,414,"36047011700"
"719","3401","2 Ave & 9 St",40.6724811,-73.99331394,412,"36047012100"
"720","3589","Broadway & 12 St",40.7668,-73.9347774,408,"36081004500"
"721","3070","McKibbin St & Manhattan Ave",40.70510918,-73.94407279,407,"36047050500"
"722","3127","9 St & 44 Rd",40.74966,-73.9521,406,"36081001900"
"723","3528","Steinway St & 23 Ave",40.7713937,-73.9077436,392,"36081011900"
"724","3595","35 St & Broadway",40.760339,-73.9222427,389,"36081005900"
"725","3603","31 Ave & 30 St",40.7647,-73.9240312,383,"36081006300"
"726","3649","W 129 St & Convent Ave",40.8143944379158,-73.9532473683357,383,"36061021303"
"727","3543","Morningside Dr & Amsterdam Ave",40.81028506306,-73.9573645591736,382,"36061019701"
"728","3065","Union Ave & Wallabout St",40.70029511,-73.95032283,377,"36047050700"
"729","3617","28 Ave & 35 St",40.7671,-73.9169858,376,"36081006501"
"730","3619","Newtown Ave & 23 St",40.7713615,-73.9246145,374,"36081006900"
"731","3128","21 St & 43 Ave",40.75052534,-73.94594845,374,"36081001900"
"732","3053","Marcy Ave & Lafayette Ave",40.6900815,-73.947915,371,"36047026300"
"733","3607","31 Ave & 14 St",40.7682,-73.9322662,371,"36081007700"
"734","3601","Sterling St & Bedford Ave",40.6627059,-73.9569115,371,"36047032700"
"735","3577","34 Ave & 21 St",40.7628138,-73.9342862,367,"36081004300"
"736","3573","35 St & 34 Ave",40.7580583,-73.9242751,357,"36081005700"
"737","3063","Nostrand Ave & Myrtle Ave",40.69527008,-73.95238108,356,"36047025500"
"738","3043","Lewis Ave & Decatur St",40.6814598,-73.934903,355,"36047027300"
"739","3481","York St",40.71649,-74.04105,351,"34017007500"
"740","3563","28 St & 36 Ave",40.757186,-73.932719,351,"36081003300"
"741","3075","Division Ave & Marcy Ave",40.70708701,-73.95796783,350,"36047052900"
"742","3691","28 Ave & 44 St",40.7640893235069,-73.9106512069702,339,"36081014300"
"743","3587","Carroll St & Washington Ave",40.6686744,-73.9618148,334,"36047021300"
"744","3514","Astoria Park S & Shore Blvd",40.7767,-73.927631,328,"36081009900"
"745","3678","Fairmount Ave",40.7257261374256,-74.0719592571259,325,"34017002800"
"746","3609","Vernon Blvd & 31 Ave",40.7692475,-73.9354504,323,"36081008100"
"747","3654","31 St & Northern Blvd",40.7518695142187,-73.933492898941,319,"36081003100"
"748","3604","Rogers Ave & Sterling St",40.6630619,-73.9538746,319,"36047032700"
"749","3530","Crescent St & Ditmars Blvd",40.7787185,-73.9145645,316,"36081010100"
"750","3557","40 Ave & 9 St",40.75742,-73.945133,311,"36081008500"
"751","3456","Jackson St & Leonard St",40.7163803197356,-73.9482128620148,310,"36047050100"
"752","3568","34 St & 35 Ave",40.7569332,-73.9262231,308,"36081005700"
"753","3392","Commerce St & Van Brunt St",40.6812117,-74.00860912,304,"36047005900"
"754","3522","37 St & 24 Ave",40.7701477,-73.9120938,301,"36081011700"
"755","3523","24 Ave & 29 St",40.7729,-73.916142,299,"36081011500"
"756","3598","Newton Rd & 44 St",40.7595701,-73.9142678,298,"36081015300"
"757","3614","Crescent St & 30 Ave",40.768692,-73.9249574,297,"36081007100"
"758","3340","Wolcott St & Dwight St",40.6753274,-74.0100698,296,"36047005300"
"759","3646","35 Ave & 10 St",40.7631548191037,-73.9398550987244,293,"36081003900"
"760","3061","Throop Ave & Myrtle Ave",40.69622937,-73.94371094,291,"36047025902"
"761","3631","Crown St & Bedford Ave",40.666563,-73.956741,289,"36047032500"
"762","3394","Columbia St & W 9 St",40.6769993,-74.00647134,288,"36047008500"
"763","3477","39 St & 2 Ave - Citi Bike HQ at Industry City",40.6553997744783,-74.0106278657913,284,"36047001800"
"764","3561","37 Ave & 35 St",40.7531106,-73.9279917,283,"36081005500"
"765","3326","Clinton St & Centre St",40.67434,-74.00194698,273,"36047005300"
"766","3492","E 118 St & Park Ave",40.8005385,-73.9419949,272,"36061018200"
"767","3342","Pioneer St & Richards St",40.6777748,-74.0094613,272,"36047008500"
"768","3679","Bergen Ave",40.722103786686,-74.0714550018311,271,"34017004102"
"769","3395","Henry St & W 9 St",40.6763744,-74.00324957,268,"36047005900"
"770","3193","Lincoln Park",40.7246050998869,-74.0784059464931,268,"34017004000"
"771","3720","Wyckoff St & Bond St",40.6846165389795,-73.9872128516436,268,"36047007100"
"772","3585","Union St & Bedford Ave",40.6691783,-73.9554162,267,"36047032300"
"773","3044","Albany Ave & Fulton St",40.6800105,-73.938475,262,"36047027300"
"774","3661","Montgomery St & Franklin Ave",40.6664393068708,-73.9605563879013,258,"36047021300"
"775","3647","48 Ave & 30 Pl",40.7412830935599,-73.9372587203979,248,"36081019900"
"776","3596","Sullivan Pl & Bedford Ave",40.6642406,-73.9574686,248,"36047032700"
"777","3590","Carroll St & Franklin Ave",40.6679411,-73.9588,247,"36047032500"
"778","3206","Hilltop",40.7311689,-74.0575736,245,"34017007100"
"779","3281","Leonard Gordon Park",40.7459099663156,-74.0572714805603,245,"34017000600"
"780","3393","Richards St & Delavan St",40.6794327,-74.00785041,242,"36047005900"
"781","3212","Christ Hospital",40.734785818,-74.050443636,240,"34017001400"
"782","3565","36 Ave & 10 St",40.7614376,-73.9411265,225,"36081003900"
"783","3525","23 Ave & 27 St",40.776165,-73.9153175,221,"36081010100"
"784","3268","Lafayette Park",40.7134638266919,-74.0628585219383,207,"34017006700"
"785","3198","Heights Elevator",40.7487159453802,-74.0404433012009,204,"34017000300"
"786","3566","Crescent St & 35 Ave",40.7596276,-73.9321455,203,"36081004700"
"787","3726","Center Blvd & 51 Ave",40.7433660802702,-73.95960688591,197,"36081000100"
"788","3554","Vernon Blvd & 41 Rd",40.7552433,-73.9485678,192,"36081003700"
"789","3620","11 St & 43 Ave",40.7519071,-73.9479119,192,"36081001900"
"790","3612","30 Ave & 21 St",40.7703743,-73.9286078,188,"36081008300"
"791","3432","NYCBS Depot - GOW",40.6690601350111,-73.9946365356445,188,"36047011700"
"792","3220","5 Corners Library",40.7349610200095,-74.0595030784607,176,"34017000902"
"793","3201","Dey St",40.737711,-74.066921,176,"34017001701"
"794","3677","Glenwood Ave",40.7275514673001,-74.0710607171059,171,"34017002800"
"795","3716","40 Ave & Crescent St",40.7535992020056,-73.9379560947418,167,"36081003300"
"796","3567","11 St & 35 Ave",40.7627442,-73.9391141,161,"36081008500"
"797","3337","Dwight St & Van Dyke St",40.673635513415,-74.0119555592537,153,"36047005300"
"798","3621","27 Ave & 9 St",40.7739825,-73.9309134,152,"36081009100"
"799","3586","34 Ave & 13 St",40.7638753,-73.9364848,151,"36081004300"
"800","3196","Riverview Park",40.7443187,-74.0439909,145,"34017000800"
"801","3513","21 St & Hoyt Ave S",40.774645,-73.923706,140,"36081009500"
"802","3512","27 Ave & 4 St",40.7747175,-73.9337894,132,"36081008700"
"803","3277","Communipaw & Berry Lane",40.7143583687043,-74.0666109323502,130,"34017004600"
"804","3564","21 St & 36 Ave",40.7601853,-73.9362726,104,"36081004700"
"805","3559","21 St & 38 Ave",40.7576314,-73.9391224,102,"36081004300"
"806","3728","Pierrepont St & Monroe Pl",40.6953569332022,-73.9934402704239,89,"36047000502"
"807","3191","Union St",40.7182113,-74.0836394,88,"34017004200"
"808","3333","Columbia St & Lorraine St",40.6747055,-74.0075572,88,"36047008500"
"809","3330","Henry St & Bay St",40.6725058,-74.00494695,77,"36047005300"
"810","2005","Railroad Ave & Kay Ave",40.70531194,-73.97100056,68,"36047054300"
"811","3704","47 Ave & Skillman Ave",40.7437524099784,-73.941764831543,57,"36081000100"
"812","3694","Jackson Square",40.71113,-74.0789,56,"34017006800"
"813","3719","S Portland Ave & Atlantic Ave",40.6832225416159,-73.9738118648529,50,"36047017900"
"814","NULL","NULL",40.854,-73.89,36,"36005037504"
"815","3245","NYCBS DEPOT - DELANCEY",40.7164442313448,-73.9823305606842,21,"36061001200"
"816","3727","Frost St & Meeker Ave",40.7178479841773,-73.9475201815367,20,"36047050100"
"817","224","Spruce St & Nassau St",40.71146364,-74.00552427,20,"36061001501"
"818","3426","JCBS Depot",40.7096508336406,-74.0686011314392,15,"34017004600"
"819","3250","58th St Depot",40.7169097804597,-73.9838379621506,8,"36061001200"
